{"loss": [16.199838638305664, 13.835689544677734, 13.400525093078613, 13.234155654907227, 13.140827178955078, 13.089351654052734], "acc": [0.4501368999481201, 0.4951499104499817, 0.5074830055236816, 0.515720546245575, 0.5211167335510254, 0.5249664783477783], "val_loss": [16.199613571166992, 15.462395668029785, 14.979181289672852, 15.188133239746094, 15.143529891967773, 15.34766674041748], "val_acc": [0.4483184516429901, 0.4643820822238922, 0.47929438948631287, 0.48178163170814514, 0.48617789149284363, 0.48371395468711853]}