{"loss": [16.184572219848633, 13.855369567871094, 13.408556938171387, 13.257695198059082, 13.166160583496094, 13.098746299743652, 13.059123992919922, 13.019600868225098], "acc": [0.45060694217681885, 0.49437448382377625, 0.5074901580810547, 0.5154270529747009, 0.5207202434539795, 0.5250470042228699, 0.528188943862915, 0.5307707786560059], "val_loss": [15.292224884033203, 14.48162841796875, 14.241942405700684, 14.221067428588867, 14.12451457977295, 14.354945182800293, 14.333317756652832, 14.22188949584961], "val_acc": [0.46875372529029846, 0.4855775237083435, 0.49537697434425354, 0.5010735988616943, 0.5062816143035889, 0.5038085579872131, 0.5075188875198364, 0.5105339884757996]}